{
    "view": "layout.default",
    "path": "/",
    "title": "Develop and Deploy Laravel Applications with Docker",
    "description": "Follow along as I show you how to develop, test, and deploy a fully-featured Laravel application with Docker and Docker Compose.",
    "contents": [
        "Introduction to Docker and Docker Compose",
        "Installing Docker on your local machine",
        "Setting up Nginx",
        "Setting up Apache (alternative to Nginx)",
        "Setting up MySQL",
        "Setting up and configuring PHP",
        "Installing and using Composer",
        "Creating a new Laravel app",
        "Setting up and using Artisan",
        "Setting up and using NPM",
        "Building a simple CRUD application for testing",
        "Creating tests for our example application",
        "Installing and running tests with PHPUnit",
        "Improving Docker performance and response time",
        "Enabling HTTPS locally with mkcert",
        "Caching with Redis",
        "Running jobs with Queues",
        "Running scheduled tasks",
        "Deploying an app manually with git",
        "Deploying an application with Docker Hub",
        "Using Let's Encrypt with a production Docker app",
        "Introduction to Kubernetes",
        "Deploying a clustered Laravel app with Kubernetes",
        "CI/CD for a Dockerized app via CircleCI"
    ],
    "faqs": [
        {
            "question": "What payment methods can I use?",
            "answer": "The course is made available through the service Gumroad. During checkout you can choose to use either a debit card, credit card, or Paypal account."
        },
        {
            "question": "What format are the course videos available in?",
            "answer": "After completing your purchase, you're given the choice between watching the videos directly on Gumroad, or downloading a zip archive containing all 24 videos in MP4 at standard full HD resolution."
        },
        {
            "question": "Is there a discount for teams?",
            "answer": "There is currently no discount or special licensing for teams. I anticipate course videos being shared with colleagues, although I'd appreciate any additional purchases you make for your team."
        },
        {
            "question": "What if I don't like this course?",
            "answer": "I've put a lot of time and energy into making this course useful for a wide variety of developers. However, if you feel you haven't legitimately learned anything from it please email me your reasoning and I will provide a full refund."
        },
        {
            "question": "Can I view a sample video?",
            "answer": "This course follows a very similar teaching and recording style to the Laravel and Docker videos found on my YouTube channel. If you would still like to preview a video from this course, email me at the address below and I will send you one of the included videos."
        }
    ]
}